﻿{  
  "map_enabled": true,
  "auto_pin_capturing_locations": false,
  "auto_unpin_on_clear": true,
  "allow_resize": false,
  "layout_swap_left_right": false,
  "disabled_image_filter": "grayscale, dim",
  "layouts": {
    "shared_item_grid": {
      "type": "array",
      "h_alignment": "horizontal",
      "content": [
        {
					"type": "array",
					"orientation": "horizontal",
					"margin": "0,0,0,0",
					"content": [
						{
							"type": "array",
							"orientation": "horizontal",
							"margin": "-5,-5,0,0",
							"content": [
								{
									"type": "itemgrid",
									"h_alignment": "center",
									"item_margin": "1,1",
									"rows": [
										[ "tablet1", "tablet2", "tablet3", "tablet4" ],
										[ "pyramid", "shrine", "trench", "falls" ],
										[ "walse", "steamship", "sub", "bridge" ],
										[ "adamantite", "branch", "hiryuu", "bracelet"],
										[ "antibarrier", "fire", "moogle", "bait"]
									]
								}
							]
						},
						{
              "type": "array",
              "orientation": "horizontal",
              "margin": "-5,-10,0,0",
              "content": [
                //LINHA
                { 
                  "type": "itemgrid",
                  "h_alignment": "center",
                  "item_margin": "0,0",
                  "rows": [
                    [ "linhaa" ],
                    [ "linhaa" ],
                    [ "linhaa" ],
                    [ "linhaa" ],
                    [ "linhaa" ],
                    [ "linhaa" ],
                    [ "linhaa" ],
                    [ "linhaa" ],
                    [ "linhaa" ],
										[ "linhaa" ],
										[ "linhaa" ],
                    [ "linhaa" ]
                  ]
                }
              ]
            },
						{
							"type": "array",
							"orientation": "horizontal",
							"margin": "-35,-5,0,0",
							"content": [
								{
									"type": "itemgrid",
									"h_alignment": "center",
									"item_margin": "1,1",
									"rows": [
										["wingraptor", "karlibos", "siren", "magisa", "galura"],
										["liquidflame", "ironclaw", "sandworm", "adamant", "shiva"],
										["byblos", "solcannon", "archaeavis", "ifrit", "crayclaw"],
										["chimbrain", "titan", "puroboros", "gilga1", "gilga2"],
										["tyrasaurus", "antlion", "gogo", "abductor", "hiryuuplant"],
										["gilgaenki", "atomos", "carbunkle", "gilga4", "guardian"],
										["merugene", "omniscient", "minotaurus", "leviathan", "stalker"],
										["ramuh", "golem", "shoat", "gargoyle", "triton"],
										["odin", "bahamut", "calofisteri", "apanda", "azulmagia"],
										["catastroph", "halicarnassus", "twintania", "necrophobe"]
									]
								}
							]
						}
					]
				}
      ]
    },
    "tracker_capture_item": {
      "type": "container",
      "content": {
        "type": "layout",
        "key": "shared_item_grid"
      }
    },
    "tracker_default": {
      "type": "container",
      "width": 335,
      "height": 350,
      "background": "#212121",
      "content": {
        "dropshadow": true,
        "margin": 5,
        "type": "layout",
        "key": "shared_item_grid"
      }
    }
  }
}