﻿{
  "type": "array",
  "background": "#200",
  "margin": "0",
  "content": [
    {
      "type": "array",
      "dropshadow": true,
      "orientation": "vertical",
      "content": [
        {
					"type": "array",
					"orientation": "horizontal",
					"margin": "0,0,0,0",
					"content": [
						{
							"type": "array",
							"orientation": "horizontal",
							"margin": "0,0,0,0",
							"content": [
								{
									"type": "itemgrid",
									"h_alignment": "center",
									"item_margin": "1,1",
									"rows": [
										[ "tablet1", "tablet2", "tablet3", "tablet4" ],
										[ "pyramid", "shrine", "trench", "falls" ],
										[ "walse", "steamship", "sub", "bridge" ],
										[ "adamantite", "branch", "hiryuu", "bracelet"],
										[ "antibarrier", "fire", "moogle", "bait"]
									]
								}
							]
						},
						{
              "type": "array",
              "orientation": "horizontal",
              "margin": "0,0,0,0",
              "content": [
                //LINHA
                { 
                  "type": "itemgrid",
                  "h_alignment": "center",
                  "item_margin": "0,0",
                  "rows": [
                    [ "linhaa" ],
                    [ "linhaa" ],
                    [ "linhaa" ],
                    [ "linhaa" ],
                    [ "linhaa" ],
                    [ "linhaa" ],
                    [ "linhaa" ],
										[ "linhaa" ],
                    [ "linhaa" ]
                  ]
                }
              ]
            },
						{
							"type": "array",
							"orientation": "horizontal",
							"margin": "-35,0,0,0",
							"content": [
								{
									"type": "itemgrid",
									"h_alignment": "center",
									"item_margin": "1,1",
									"rows": [
										["wingraptor", "karlibos", "siren", "magisa", "galura"],
										["liquidflame", "ironclaw", "sandworm", "adamant", "shiva"],
										["byblos", "solcannon", "archaeavis", "ifrit", "crayclaw"],
										["chimbrain", "titan", "puroboros", "gilga1", "gilga2"],
										["tyrasaurus", "antlion", "gogo", "abductor", "hiryuuplant"],
										["gilgaenki", "atomos", "carbunkle", "gilga4", "guardian"],
										["merugene", "omniscient", "minotaurus", "leviathan", "stalker"],
										["odin", "triton", "bahamut"]
									]
								}
							]
						}
					]
				}
      ]
    }
  ]
}

// boots, (canSpinSpeed), bottle, somaria, bombs, mirror, (pearl, fakeflute), flippers