﻿[
/*
	START OF ITEMS ADDED FOR MAP TRACKER
*/
  {
    "name": "linver",
    "type": "progressive",
    "allow_disabled": false,
    "stages": [
      {
        "img": "images/linver.png",
        "codes": "linver"
      }
    ]
  },
  { 
	"name": "Armor",
	"type": "progressive",
	"allow_disabled": false,
	"stages": [
		{
			"img": "images/armor.png",
			"codes": "armor"
		}
	]
  },
  { 
	"name": "Weapon",
	"type": "progressive",
	"allow_disabled": false,
	"stages": [
		{
			"img": "images/weapon.png",
			"codes": "weapon"
		}
	]
  },
  { 
	"name": "Black Magic",
	"type": "progressive",
	"allow_disabled": false,
	"stages": [
		{
			"img": "images/bmag.png",
			"codes": "bmag"
		}
	]
  },  
  { 
	"name": "White Magic",
	"type": "progressive",
	"allow_disabled": false,
	"stages": [
		{
			"img": "images/wmag.png",
			"codes": "wmag"
		}
	]
  },
  { 
	"name": "Dimen Magic",
	"type": "progressive",
	"allow_disabled": false,
	"stages": [
		{
			"img": "images/dmag.png",
			"codes": "dmag"
		}
	]
  },  
  { 
	"name": "Relic",
	"type": "progressive",
	"allow_disabled": false,
	"stages": [
		{
			"img": "images/relic.png",
			"codes": "relic"
		}
	]
  },
  { 
	"name": "Consumable",
	"type": "progressive",
	"allow_disabled": false,
	"stages": [
		{
			"img": "images/consumable.png",
			"codes": "consumable"
		}
	]
  },
  { 
	"name": "Job Crystal",
	"type": "progressive",
	"allow_disabled": false,
	"stages": [
		{
			"img": "images/crystal.png",
			"codes": "crystal"
		}
	]
  },  
  { 
	"name": "Ability",
	"type": "progressive",
	"allow_disabled": false,
	"stages": [
		{
			"img": "images/ability.png",
			"codes": "ability"
		}
	]
  },
  { 
	"name": "Other/Multiple",
	"type": "progressive",
	"allow_disabled": false,
	"stages": [
		{
			"img": "images/other.png",
			"codes": "other"
		}
	]
  },
/*
	END OF ITEMS ADDED FOR MAP TRACKER
*/

  {
    "name": "linha",
    "type": "progressive",
    "allow_disabled": false,
    "stages": [
      {
        "img": "images/linha.png",
        "codes": "linhaa"
      }
    ]
  },


	// Tablet 1
  {
    "name": "tablet1",
    "type": "toggle",
    "img": "images/tablet1.png",
    "codes": "tablet1"
  },
  
  // Tablet 2
  {
    "name": "tablet2",
    "type": "toggle",
    "img": "images/tablet2.png",
    "codes": "tablet2"
  },
  
  // Tablet 3
  {
    "name": "tablet3",
    "type": "toggle",
    "img": "images/tablet3.png",
    "codes": "tablet3"
  },
  
  // Tablet 4
  {
    "name": "tablet4",
    "type": "toggle",
    "img": "images/tablet4.png",
    "codes": "tablet4"
  },
  
  // Pyramid Page
  {
    "name": "pyramid",
    "type": "toggle",
    "img": "images/pyramid_page2.png",
    "codes": "pyramid"
  },
  
  // Shrine Page
  {
    "name": "shrine",
    "type": "toggle",
    "img": "images/shrine_page2.png",
    "codes": "shrine"
  },
  
  // Trench Page
  {
    "name": "trench",
    "type": "toggle",
    "img": "images/trench_page2.png",
    "codes": "trench"
  },
  
  // Falls Page
  {
    "name": "falls",
    "type": "toggle",
    "img": "images/falls_page2.png",
    "codes": "falls"
  },
  
  // Walse Key
  {
    "name": "walse",
    "type": "toggle",
    "img": "images/walse_key2.png",
    "codes": "walse"
  },
  
  // Steamship Key
  {
    "name": "steamship",
    "type": "toggle",
    "img": "images/steamship_key2.png",
    "codes": "steamship"
  },
  
  // Big Bridge Key
  {
    "name": "bridge",
    "type": "toggle",
    "img": "images/bridge_key2.png",
    "codes": "bridge"
  },
  
  // Submarine Key
  {
    "name": "sub",
    "type": "toggle",
    "img": "images/sub_key2.png",
    "codes": "sub"
  },
  
  // Canal Key
  {
    "name": "canal",
    "type": "toggle",
    "img": "images/canal_key2.png",
    "codes": "canal"
  },
  
  // Adamantite
  {
    "name": "adamantite",
    "type": "toggle",
    "img": "images/adamantite.png",
    "codes": "adamantite"
  },
  
  // Elder Branch
  {
    "name": "branch",
    "type": "toggle",
    "img": "images/branch.png",
    "codes": "branch"
  },
  
  // Hiryuu Call
  {
    "name": "hiryuu",
    "type": "toggle",
    "img": "images/hiryuu.png",
    "codes": "hiryuu"
  },
  
  // Bracelet
  {
    "name": "bracelet",
    "type": "toggle",
    "img": "images/bracelet.png",
    "codes": "bracelet"
  },
  
  // Antibarrier
  {
    "name": "antibarrier",
    "type": "toggle",
    "img": "images/antibarrier.png",
    "codes": "antibarrier"
  },

  // Ifrit's Fire
  {
    "name": "fire",
    "type": "toggle",
    "img": "images/fire.png",
    "codes": "fire"
  },

  // Moogle Suit
  {
    "name": "moogle",
    "type": "toggle",
    "img": "images/moogle.png",
    "codes": "moogle"
  },

  // Sandworm Bait
  {
    "name": "bait",
    "type": "toggle",
    "img": "images/bait.png",
    "codes": "bait"
  },
  
  // Wing Raptor
  {
    "name": "wingraptor",
    "type": "toggle",
    "img": "images/bosses/wingraptor.png",
    "codes": "wingraptor"
  },
	
	// Karlibos
  {
    "name": "karlibos",
    "type": "toggle",
    "img": "images/bosses/karlibos.png",
    "codes": "karlibos"
  },
	
	// Siren
  {
    "name": "siren",
    "type": "toggle",
    "img": "images/bosses/siren.png",
    "codes": "siren"
  },
	
	// Magisa
  {
    "name": "magisa",
    "type": "toggle",
    "img": "images/bosses/magisa.png",
    "codes": "magisa"
  },
	
	// Galura
  {
    "name": "galura",
    "type": "toggle",
    "img": "images/bosses/galura.png",
    "codes": "galura"
  },
	
	// LiquiFlame
  {
    "name": "liquidflame",
    "type": "toggle",
    "img": "images/bosses/liquidflame.png",
    "codes": "liquidflame"
  },
	
	// Iron Claw
  {
    "name": "ironclaw",
    "type": "toggle",
    "img": "images/bosses/ironclaw.png",
    "codes": "ironclaw"
  },
	
	// Sandworm
  {
    "name": "sandworm",
    "type": "toggle",
    "img": "images/bosses/sandworm.png",
    "codes": "sandworm"
  },
	
	// AdamanTiMi
  {
    "name": "adamant",
    "type": "toggle",
    "img": "images/bosses/adamant.png",
    "codes": "adamant"
  },
	
	// Shiva
  {
    "name": "shiva",
    "type": "toggle",
    "img": "images/bosses/shiva.png",
    "codes": "shiva"
  },
	
	// Byblos
  {
    "name": "byblos",
    "type": "toggle",
    "img": "images/bosses/byblos.png",
    "codes": "byblos"
  },
	
	// Sol Cannon
  {
    "name": "solcannon",
    "type": "toggle",
    "img": "images/bosses/solcannon.png",
    "codes": "solcannon"
  },
	
	// ArchaeAvis
  {
    "name": "archaeavis",
    "type": "toggle",
    "img": "images/bosses/archaeavis.png",
    "codes": "archaeavis"
  },
	
	// Ifrit
  {
    "name": "ifrit",
    "type": "toggle",
    "img": "images/bosses/ifrit.png",
    "codes": "ifrit"
  },
	
	// Cray Claw
  {
    "name": "crayclaw",
    "type": "toggle",
    "img": "images/bosses/crayclaw.png",
    "codes": "crayclaw"
  },
	
	// Chim Brain
  {
    "name": "chimbrain",
    "type": "toggle",
    "img": "images/bosses/chimbrain.png",
    "codes": "chimbrain"
  },
	
	// Titan
  {
    "name": "titan",
    "type": "toggle",
    "img": "images/bosses/titan.png",
    "codes": "titan"
  },
	
	// Puroboros
  {
    "name": "puroboros",
    "type": "toggle",
    "img": "images/bosses/puroboros.png",
    "codes": "puroboros"
  },
	
	// Gilgamesh (1st)
  {
    "name": "gilga1",
    "type": "toggle",
    "img": "images/bosses/gilga1.png",
    "codes": "gilga1"
  },
	
	// Gilgamesh (2nd)
  {
    "name": "gilga2",
    "type": "toggle",
    "img": "images/bosses/gilga2.png",
    "codes": "gilga2"
  },
	
	// Tyrasaurus
  {
    "name": "tyrasaurus",
    "type": "toggle",
    "img": "images/bosses/tyrasaurus.png",
    "codes": "tyrasaurus"
  },
	
	// Antlion
  {
    "name": "antlion",
    "type": "toggle",
    "img": "images/bosses/antlion.png",
    "codes": "antlion"
  },
	
	// Gogo
  {
    "name": "gogo",
    "type": "toggle",
    "img": "images/bosses/gogo.png",
    "codes": "gogo"
  },
	
	// Abductor
  {
    "name": "abductor",
    "type": "toggle",
    "img": "images/bosses/abductor.png",
    "codes": "abductor"
  },
	
	// HiryuuPlant
  {
    "name": "hiryuuplant",
    "type": "toggle",
    "img": "images/bosses/hiryuuplant.png",
    "codes": "hiryuuplant"
  },
	
	// Gilgamesh + Enkidou
  {
    "name": "gilgaenki",
    "type": "toggle",
    "img": "images/bosses/gilgaenki.png",
    "codes": "gilgaenki"
  },
	
	// Atmos
  {
    "name": "atomos",
    "type": "toggle",
    "img": "images/bosses/atomos.png",
    "codes": "atomos"
  },
	
	// Carbunkle
  {
    "name": "carbunkle",
    "type": "toggle",
    "img": "images/bosses/carbunkle.png",
    "codes": "carbunkle"
  },
	
	// Gilgamesh (4th)
  {
    "name": "gilga4",
    "type": "toggle",
    "img": "images/bosses/gilga4.png",
    "codes": "gilga4"
  },
	
	// Guardians
  {
    "name": "guardian",
    "type": "toggle",
    "img": "images/bosses/guardian.png",
    "codes": "guardian"
  },
	
	// Merugene
  {
    "name": "merugene",
    "type": "toggle",
    "img": "images/bosses/merugene.png",
    "codes": "merugene"
  },
	
	// Omniscient
  {
    "name": "omniscient",
    "type": "toggle",
    "img": "images/bosses/omniscient.png",
    "codes": "omniscient"
  },
	
	// Minotauros
  {
    "name": "minotaurus",
    "type": "toggle",
    "img": "images/bosses/minotaurus.png",
    "codes": "minotaurus"
  },
	
	// Leviathan
  {
    "name": "leviathan",
    "type": "toggle",
    "img": "images/bosses/leviathan.png",
    "codes": "leviathan"
  },
	
	// Stalker
  {
    "name": "stalker",
    "type": "toggle",
    "img": "images/bosses/stalker.png",
    "codes": "stalker"
  },
	
	// Odin
  {
    "name": "odin",
    "type": "toggle",
    "img": "images/bosses/odin.png",
    "codes": "odin"
  },
	
	// Triton / Neregeid / Phobos
  {
    "name": "triton",
    "type": "toggle",
    "img": "images/bosses/triton.png",
    "codes": "triton"
  },
	
	// Bahamut
  {
    "name": "bahamut",
    "type": "toggle",
    "img": "images/bosses/bahamut.png",
    "codes": "bahamut"
  }
 ] 
  