
[
      {
		"name": "Locations",
		"access_rules": ["[]"],		
		"color": "#FFFFFF",
		"children": [
		{
			"name": "World 1",
			"children": [
			{
				"name": "Tule",
				"sections": [
				{
					"name": "11 Items",
					"item_count": 1
				},
				{
					"name": "4 Shops",
					"capture_item": true,

					"item_count": 1
				}
				],
				"map_locations": [
				{
				"map": "world1",
				"x": 2089,
				"y": 1433
				},
								{
				"map": "world3",
				"x": 2089,
				"y": 1433
				},
				]
			},
			
			
			{
				"name": "Castle Tycoon",
				"sections": [
				{
					"name": "15 Items",
					"item_count": 1
				}
				],
				"map_locations":[
				{
					"map": "world1",
					"x":2943,
					"y":2119
				}]
			},
						{
				"name": "Carwen",
				"sections": [
				{
					"name": "3 Items",
					"item_count": 1
				},
				{
					"name": "4 Shops",
					"capture_item": true,

					"item_count": 1
				}
				],
				"map_locations": [
				{
				"map": "world1",
				"x": 3520,
				"y": 1240
				},
								{
				"map": "world3",
				"x": 3520,
				"y": 1240
				},
				]
			},
						{
				"name": "Crescent Island",
				"sections": [
				{
					"name": "1 Item",
					"item_count": 1
				},
				{
					"name": "4 Shops",
					"capture_item": true,
					"item_count": 1
				}
				],
				"map_locations": [
				{
				"map": "world1",
				"x": 3465,
				"y": 3225
				},
								{
				"map": "world3",
				"x": 3465,
				"y": 3225
				}
				]
				},
						{
				"name": "Black Chocobo Forest",
				"sections": [
				{
					"name": "2 Items",
					"item_count": 1
				}
				],
				"map_locations": [
				{
				"map": "world1",
				"x": 3400,
				"y": 3350
				}			
				]
			},
						{
				"name": "Kuzar",
				"access_rules": ["tablet1","tablet2","tablet3","tablet4"],
				"sections": [
				{
					"name": "12 Items (3 per Tablet)",
					"item_count": 1
				}
				],
				"map_locations": [
				{
				"map": "world2",
				"x": 1230,
				"y": 1765
				},
								{
				"map": "world3",
				"x": 1230,
				"y": 1765
				},
				]
			},
						{
				"name": "Mirage Village",
				"sections": [
				{
					"name": "2 Items",
					"item_count": 1
				},
				{
					"name": "4 Shops",
					"capture_item": true,

					"item_count": 1
				}
				],
				"map_locations": [
								{
				"map": "world3",
				"x": 2760,
				"y": 3735
				},
				]
			},
						{
				"name": "Moogle Village",
				"access_rules": ["moogle"],
				"sections": [
				{
					"name": "7 Items",
					"item_count": 1
				}
				],
				"map_locations": [
				{
				"map": "world2",
				"x": 3510,
				"y": 725
				}
				]
			},
						{
				"name": "Mua",
				"sections": [
				{
					"name": "3 Items",
					"item_count": 1
				},
				{
					"name": "3 Shops",
					"capture_item": true,
					"item_count": 1
				}
				],
				"map_locations": [
				{
				"map": "world2",
				"x": 370,
				"y": 1830
				},
								{
				"map": "world3",
				"x": 370,
				"y": 1830
				},
				]
			},
						{
				"name": "Phoenix Tower",
				"sections": [
				{
					"name": "11 Items",
					"item_count": 1
				}
				],
				"map_locations": [
								{
				"map": "world3",
				"x": 2984,
				"y": 1419
				},
				]
			},
						{
				"name": "Pirates Cave",
				"sections": [
				{
					"name": "5 Items",
					"item_count": 1
				},
				{
					"name": "1 Item (req. Canal Key)",
					"capture_item": true,
					"access_rules": ["canal"],
					"item_count": 1
				}
				],
				"map_locations": [
				{
				"map": "world1",
				"x": 2648,
				"y": 1850
				},
								{
				"map": "world3",
				"x": 2648,
				"y": 1850
				},
				]
			},
						{
				"name": "Pyramid",
				"access_rules": ["pyramid"],
				"sections": [
				{
					"name": "29 Items",
					"item_count": 1
				}
				],
				"map_locations": [
				{
				"map": "world3",
				"x": 712,
				"y": 1962
				},
				]
			},
			
						{
				"name": "Castle Surgate",
				"sections": [
				{
					"name": "3 Items",
					"item_count": 1
				},
				{
					"name": "4 Shops",
					"capture_item": true,

					"item_count": 1
				}
				],
				"map_locations": [
				{
				"map": "world2",
				"x": 1230,
				"y": 1765
				},
								{
				"map": "world3",
				"x": 1230,
				"y": 1765
				},
				]
			},

			{
				"name": "Walse",
				"sections": [
				{
					"name": "1 Item",
					"item_count": 1
				},
				{
					"name": "4 Shops",
					"capture_item": true,
					"item_count": 1
				}
				],
				"map_locations": [
				{
				"map": "world1",
				"x": 3432,
				"y": 1850
				},
								{
				"map": "world3",
				"x": 3432,
				"y": 1850
				},
				]
			},			
						{
				"name": "Karnak",
				"sections": [
				{
					"name": "1 Item + 1 Shop (Post Iron Claw only)",
					"access_rules": ["ironclaw"],
					"item_count": 1,
					"capture_item": true
				},
				{
					"name": "4 Shops",
					"capture_item": true,

					"item_count": 1
				}
				],
				"map_locations": [
				{
				"map": "world1",
				"x": 1392,
				"y": 1200
				},
								{
				"map": "world3",
				"x": 1392,
				"y": 1200
				},
				]
			},
						{
				"name": "Istory",
				"sections": [
				{
					"name": "2 Items",
					"item_count": 1
				},
				{
					"name": "3 Shops",
					"capture_item": true,
					"item_count": 1
				}
				],
				"map_locations": [
				{
				"map": "world1",
				"x": 576,
				"y": 664
				},
								{
				"map": "world3",
				"x": 576,
				"y": 664
				},
				]
			},
						{
				"name": "Jacole",
				"sections": [
				{
					"name": "4 Shops",
					"capture_item": true,

					"item_count": 1
				}
				],
				"map_locations": [
				{
				"map": "world1",
				"x": 935,
				"y": 3145
				},
								{
				"map": "world3",
				"x": 935,
				"y": 3145
				},
				]
			},
						{
				"name": "Rugor",
				"sections": [
				{
					"name": "1 Item (Requires Ribbon)",
					"item_count": 1
				},
				{
					"name": "4 Shops",
					"capture_item": true,
					"item_count": 1
				}
				],
				"map_locations": [
				{
				"map": "world2",
				"x": 2545,
				"y": 887
				},
								{
				"map": "world3",
				"x": 2545,
				"y": 887
				},
				]
			},
			{
				"name": "Kelb",
				"sections": [
				{
					"name": "2 Items (1 requires Toad Status)",
					"item_count": 1
				},
				{
					"name": "4 Shops",
					"capture_item": true,
					"item_count": 1
				}
				],
				"map_locations": [
				{
				"map": "world2",
				"x": 1336,
				"y": 2360
				},
								{
				"map": "world3",
				"x": 1336,
				"y": 2360
				},
				]
			},
						{
				"name": "Istory Falls (North)",
				"sections": [
				{
					"name": "Magic Lamp Spot",
					"item_count": 1
				}				],
				"map_locations": [				
				{
				"map": "world3",
				"x": 875,
				"y": 690
				},
				]
			},
			]
		}
		]
	  },
	  
	  
      {
        "name": "Bosses",
        "color": "#000000",
        "children": [
          {
            "name": "Boss",
            "group": "Boss",
            "children": [
//Wing Raptor
			{
                "name": "Wing Raptor",
                "sections": [
                  {
//					"access_rules": ["access_rules"],
                    "hosted_item": "wingraptor",
					"item_count": 5
                  }
                ],
                "map_locations": [
                  {
                    "map": "world1",
                    "x": 2915,
                    "y": 840
                  }
                ]
              },
//Karlibos			  
			{
                "name": "Karlibos",
                "sections": [
                  {
					"access_rules": ["canal"],
                    "hosted_item": "karlibos"
                  }
                ],
                "map_locations": [
                  {
                    "map": "world1",
                    "x": 2750,
                    "y": 1420
                  }
                ]
              },
//Siren
			{
                "name": "Siren",
                "sections": [
                  {
					"access_rules": ["karlibos"],
                    "hosted_item": "siren",
					"item_count": 8
                  }
                ],
                "map_locations": [
                  {
                    "map": "world1",
                    "x": 3380,
                    "y": 760
                  }
                ]
              },

//Magisa
			{
                "name": "North Mountain",
                "sections": [
                  {
//					"access_rules": ["access_rules"],
                    "hosted_item": "magisa",
					"item_count": 2
                  },
                ],
                "map_locations": [
                  {
                    "map": "world1",
                    "x": 3625,
                    "y": 630
                  }
                ]
              },
			{
                "name": "North Mountain",
                "sections": [
                  {
//					"access_rules": ["access_rules"],
                    "hosted_item": "magisa"
                  },
				  {
					"name": "(World 3 Only)",
					"hosted_item": "bahamut"
				  }
                ],
                "map_locations": [
				  { 
				    "map": "world3",
					"x": 3625,
					"y": 630
				  }
                ]
              },
			  
//Galura
			{
                "name": "Galura",
                "sections": [
                  {
					"access_rules": ["walse"],
                    "hosted_item": "galura",
					"item_count": 4
                  }
                ],
                "map_locations": [
                  {
                    "map": "world1",
                    "x": 3200,
                    "y": 1355
                  }
                ]
              },
//LiquidFlame
			{
                "name": "LiquiFlame",
                "sections": [
                  {
					"access_rules": ["steamship"],
                    "hosted_item": "liquidflame",
					"item_count": 9
                  }
                ],
                "map_locations": [
                  {
                    "map": "world1",
                    "x": 1355,
                    "y": 1270
                  }
                ]
              },
//IronClaw
			{
                "name": "IronClaw",
                "sections": [
                  {
					"access_rules": ["liquidflame"],
                    "hosted_item": "ironclaw",
					"item_count": 15
                  }
                ],
                "map_locations": [
                  {
                    "map": "world1",
                    "x": 1335,
                    "y": 1220
                  }
                ]
              },			  			  
//SandWorm
			{
                "name": "SandWorm",
                "sections": [
                  {
					"access_rules": ["bait"],
                    "hosted_item": "sandworm"
                  }
                ],
                "map_locations": [
                  {
                    "map": "world1",
                    "x": 730,
                    "y": 1760
                  }
                ]
              },			  
//AdamanTiMi
			{
                "name": "Tycoon Meteor",
                "sections": [
                  {
//					"access_rules": ["access_rules"],
					"item_count": 1,
                    "hosted_item": "adamant"
                  }
                ],
                "map_locations": [
                  {
                    "map": "world1",
                    "x": 2810,
                    "y": 2280
                  }
                ]
              },
//Shiva
			{
                "name": "Castle Walse",
                "sections": [
                  {
//					"access_rules": ["access_rules"],
                    "hosted_item": "shiva",
					"item_count": 7
                  }
                ],
                "map_locations": [
                  {
                    "map": "world1",
                    "x": 3375,
                    "y": 1850
                  },
                  {
                    "map": "world3",
                    "x": 3375,
                    "y": 1850
                  }

                ]
              },			  
//Ifrit/Byblos
			{
                "name": "Library Of The Ancients",
                "sections": [
				  {
					"name": "Ifrit",
					"item_count": 1,
					"hosted_item": "ifrit"
				  },
                  {
					"name": "Byblos",
					"item_count": 2,
					"access_rules": ["fire"],
                    "hosted_item": "byblos"
                  }
                ],
                "map_locations": [
                  {
                    "map": "world1",
                    "x": 1270,
                    "y": 1915 
                  }
                ]
              },		
			{
                "name": "Library Of The Ancients",
                "sections": [
				  {
					"name": "Ifrit",
					"hosted_item": "ifrit"
				  },
                  {
					"name": "Byblos",
					"access_rules": ["fire"],
                    "hosted_item": "byblos"
                  },
				  {
					"name": "Atop The Library (World 3 Only)",
					"item_count": 1
				  }
                ],
                "map_locations": [
				  { 
				    "map": "world3",
					"x": 1270,
					"y": 1915
					}
                ]
              },				  
//SolCannon/ArchaeAvis
			{
                "name": "Ronka Ruins",
                "sections": [
				{
					"name": "Ruined City",
					"item_count": 3
				},
				  {
					"name": "CrayClaw",
					"hosted_item": "crayclaw",
					"item_count": 3
				  },
				  {
				    "name": "SolCannon",
					"access_rules": ["adamantite"],
                    "hosted_item": "solcannon"
                  },
				  {
				    "name": "ArchaeAvis",
					"access_rules": ["solcannon"],
					"hosted_item": "archaeavis",
					"item_count": 8
				  }

                ],
                "map_locations": [
                  {
                    "map": "world1",
                    "x": 1020,
                    "y": 2600
                  }
                ]
              },	  
//ChimBrain
			{
                "name": "ChimBrain",
                "sections": [
                  {
					"access_rules": ["crayclaw"],
                    "hosted_item": "chimbrain"
                  }
                ],
                "map_locations": [
                  {
                    "map": "world1",
                    "x": 1000,
                    "y": 2570
                  }
                ]
              },
//Titan
			{
                "name": "Titan",
                "sections": [
                  {
//					"access_rules": ["access_rules"],
                    "hosted_item": "titan"
                  }
                ],
                "map_locations": [
                  {
                    "map": "world1",
                    "x": 1945,
                    "y": 1465
                  }
                ]
              },			  
//Puroboros
			{
                "name": "Puroboros",
                "sections": [
                  {
//					"access_rules": ["access_rules"],
                    "hosted_item": "puroboros"
                  }
                ],
                "map_locations": [
                  {
                    "map": "world1",
                    "x": 3272,
                    "y": 1353
                  }
                ]
              },
			  
//Exdeaths Castle
			{
                "name": "Castle Exdeath",
                "sections": [
                  {
				    "name": "Gilgamesh I",
					"access_rules": ["antibarrier"],
                    "hosted_item": "gilga1",
					"item_count": 2
                  },
				  {
				    "name": "Carbunkle",
					"access_rules": ["antibarrier,bracelet"],
					"hosted_item": "carbunkle",
					"item_count": 6
				  },
				  {
					"name": "Gilgamesh IV",
					"access_rules": ["antibarrier,bracelet"],
					"hosted_item": "gilga4",
					"item_count": 6
				  }
				  
                ],
                "map_locations": [
                  {
                    "map": "world2",
                    "x": 2570,
                    "y": 2490
                  }
                ]
              },			  
//Gilgamesh2
			{
                "name": "Gilgamesh II",
                "sections": [
                  {
					"access_rules": ["bridge"],
                    "hosted_item": "gilga2"
                  }
                ],
                "map_locations": [
                  {
                    "map": "world2",
                    "x": 2320,
                    "y": 2487
                  }
                ]
              },
//Tyrasaurus
			{
                "name": "Tyrasaurus",
                "sections": [
                  {
//					"access_rules": ["access_rules"],
                    "hosted_item": "tyrasaurus"
                  }
                ],
                "map_locations": [
                  {
                    "map": "world2",
                    "x": 2913,
                    "y": 1280
                  }
                ]
              },			  
//HiryuuPlant
			{
                "name": "Hiryuu Valley",
                "sections": [
                  {
//					"access_rules": ["access_rules"],
                    "hosted_item": "hiryuuplant",
					"item_count": 7
                  }
                ],
                "map_locations": [
                  {
                    "map": "world2",
                    "x": 1290,
                    "y": 2170
                  }
                ]
              },			  
//Gilga/Enkidou
			{
                "name": "Gilgamesh & Enkidou",
                "sections": [
                  {
					"access_rules": ["hiryuu"],
                    "hosted_item": "gilgaenki"
                  }
                ],
                "map_locations": [
                  {
                    "map": "world2",
                    "x": 2855,
                    "y": 2620
                  }
                ]
              },			  
//Atomos
			{
                "name": "Barrier Tower",
                "sections": [
                  {
					"access_rules": ["sub"],
                    "item_count": 4,
					"hosted_item": "atomos"
                  }
                ],
                "map_locations": [
                  {
                    "map": "world2",
                    "x": 2680,
                    "y": 2590
                  }
                ]
              },			  

//Guardians
			{
                "name": "Mua Forest",
                "sections": [
                  {
					"access_rules": ["branch"],
                    "hosted_item": "guardian",
					"item_count": 11
                  }
                ],
                "map_locations": [
                  {
                    "map": "world2",
                    "x": 905,
                    "y": 1945
                  }
                ]
              },			  
//Antlion
			{
                "name": "Antlion",
                "sections": [
                  {
//					"access_rules": ["access_rules"],
                    "hosted_item": "antlion"
                  }
                ],
                "map_locations": [
                  {
                    "map": "world3",
                    "x": 1945,
                    "y": 1420
                  }
                ]
              },
//Gogo
			{
                "name": "Gogo",
                "sections": [
                  {
					"access_rules": ["sub"],
                    "hosted_item": "gogo"
                  }
                ],
                "map_locations": [
                  {
                    "map": "world3",
                    "x": 3240,
                    "y": 1420
                  }
                ]
              },			  
//Merugene
			{
                "name": "Merugene",
                "sections": [
                  {
//					"access_rules": ["access_rules"],
                    "hosted_item": "merugene"
                  }
                ],
                "map_locations": [
                  {
                    "map": "world3",
                    "x": 905,
                    "y": 1945
                  }
                ]
              },			  
//Fork Tower
			{
                "name": "Fork Tower",
				"access_rules": ["guardian"],
                "sections": [
                  {
                    "hosted_item": "omniscient",
					"item_count": 2
                  },
				  {
					"hosted_item": "minotaurus",
					"item_count": 2
				  }
                ],
                "map_locations": [
                  {
                    "map": "world3",
                    "x": 3305,
                    "y": 3210
                  }
                ]
              },			  
//Leviathan
			{
                "name": "Istory Falls",
                "sections": [
                  {
					"access_rules": ["falls,sub"],
                    "hosted_item": "leviathan",
					"item_count": 14
                  }
                ],
                "map_locations": [
                  {
                    "map": "world3",
                    "x": 905,
                    "y": 715
                  }
                ]
              },
//Stalker
			{
                "name": "Stalker",
                "sections": [
                  {
					"access_rules": ["shrine"],
                    "hosted_item": "stalker",
					"item_count": 14
                  }
                ],
                "map_locations": [
                  {
                    "map": "world3",
                    "x": 2120,
                    "y": 2490
                  }
                ]
              },			  
//Odin
			{
                "name": "Odin",
                "sections": [
                  {
//					"access_rules": ["access_rules"],
                    "hosted_item": "odin",
					"item_count": 2
                  }
                ],
                "map_locations": [
                  {
                    "map": "world3",
                    "x": 1225,
                    "y": 2840
                  }
                ]
              },			 
//Abductor
						{
				"name": "Castle Bal",
				"sections": [
				{
					"name": "5 Items",
					"item_count": 1,
					"hosted_item": "abductor"
				},
				{
					"name": "4 Shops",
					"capture_item": true,
					"item_count": 1
				}
				],
				"map_locations":[
				{
					"map": "world2",
					"x":1360,
					"y":2805
				},
				{
					"map": "world3",
					"x":1360,
					"y":2805
				}
				]
			},			  
//Triton/Neregeid/Phobos
			{
                "name": "Great Trench",					
				"access_rules": ["trench,sub"],
                "sections": [
                  {
                    "hosted_item": "triton",
					"item_count": 5
                  },                  
				  {
                    "name": "Dwarven Shop",
					"item_count": 1,
					"capture_item": true
                  },
                ],
                "map_locations": [
                  {
                    "map": "world3",
                    "x": 3625,
                    "y": 3055
                  }
                ]
              }			  
			  ]
          }
        ]
      }
    ] 
    